name,firm,cik,status
140 Summer Partners,140 Summer Partners,0001820788,resolved
59 North Capital Management,59 North Capital Management,0001805589,resolved
ABRAMS BISON INVESTMENTS,ABRAMS BISON INVESTMENTS,0001317588,resolved
ACR Alpine Capital Research,ACR Alpine Capital Research,0001508822,resolved
AEW CAPITAL MANAGEMENT L P,AEW CAPITAL MANAGEMENT L P,0001046187,resolved
AKO CAPITAL,AKO CAPITAL,0001376879,resolved
ALTRINSIC GLOBAL ADVISORS,ALTRINSIC GLOBAL ADVISORS,0001167388,resolved
ARES MANAGEMENT,ARES MANAGEMENT,0001259313,resolved
ATLAS Infrastructure Partners (UK),ATLAS Infrastructure Partners (UK),0001924953,resolved
Adelante Capital Management,Adelante Capital Management,0001067926,resolved
Advent International,Advent International,0001034196,resolved
Akre Capital Management,Akre Capital Management,0001112520,resolved
Al Gore,Generation Investment Management,0001375534,resolved
Alan Fournier,Pennant Investors,0001759176,resolved
Alaska Permanent Capital Management,Alaska Permanent Capital Management,0001426771,resolved
Alphinity Investment Management Pty,Alphinity Investment Management Pty,0001731012,resolved
Altimeter Capital Management,Altimeter Capital Management,0001541617,resolved
AltraVue Capital,AltraVue Capital,0001740837,resolved
Alua Capital Management,Alua Capital Management,0001827442,resolved
Andreas Halvorsen,Viking Global Investors,0001103804,resolved
Angeles Investment Advisors,Angeles Investment Advisors,0001535695,resolved
Anomaly Capital Management,Anomaly Capital Management,0001817534,resolved
Aquamarine Financial (Cayman),Aquamarine Financial (Cayman),0002104187,resolved
Arnold Van Den Berg,Century Management,0001753384,resolved
Aspex Management (HK),Aspex Management (HK),0001768375,resolved
Atalan Capital Partners,Atalan Capital Partners,0001662906,resolved
Atlas FRM,Atlas FRM,0001879898,resolved
Avala Global,Avala Global,0001948899,resolved
Avantyr Capital Partners,Avantyr Capital Partners,0002087378,resolved
Avenir Tech,Avenir Tech,0002029708,resolved
Avoro Capital Advisors,Avoro Capital Advisors,0001633313,resolved
Azora Capital,Azora Capital,0001700272,resolved
Azvalor Blue Chips FI,Azvalor Asset Management,,no_13f
Azvalor Iberia FI,Azvalor Asset Management,,no_13f
Azvalor Internacional FI,Azvalor Asset Management,,no_13f
Azvalor Managers FI,Azvalor Asset Management,,no_13f
BLACKHILL CAPITAL INC,BLACKHILL CAPITAL INC,0000872162,resolved
BLS CAPITAL FONDSMAEGLERSELSKAB A/S,BLS CAPITAL FONDSMAEGLERSELSKAB A/S,0001610946,resolved
BMO Canadian Small Cap Equity,BMO Asset Management,0001218806,resolved
BROADWOOD CAPITAL INC,BROADWOOD CAPITAL INC,0001278387,resolved
BROWNING WEST,BROWNING WEST,0001825564,resolved
BRUNI J V & CO /CO,BRUNI J V & CO /CO,0001078841,resolved
BSN Capital Partners,BSN Capital Partners,0001911876,resolved
BVF INC/IL,BVF INC/IL,0001056807,resolved
Baillie Gifford,Baillie Gifford,0001088875,resolved
Bain Capital Investors,Bain Capital Investors,0001040508,resolved
Bain Capital Life Sciences Investors,Bain Capital Life Sciences Investors,0001703031,resolved
"Bares Capital Management, Inc.","Bares Capital Management, Inc.",0001340807,resolved
Barrow Hanley Mewhinney & Strauss,Barrow Hanley Mewhinney & Strauss,0000313028,resolved
Bernard Horn,Polaris Global Value Fund,0001316926,resolved
Bestinfond,Bestinver,,no_13f
Bill Ackman,Pershing Square Capital Management,0001336528,resolved
Bill Gates,Bill & Melinda Gates Foundation Trust,0001166559,resolved
Bill Miller,Miller Value Partners,0001135778,resolved
Bill Nygren,Harris Associates (Oakmark),,no_13f
Black Creek Investment Management Inc.,Black Creek Investment Management Inc.,0001528593,resolved
BlackBarn Capital Partners,BlackBarn Capital Partners,0002010204,resolved
BloombergSen Inc.,BloombergSen Inc.,0001484047,resolved
Blue Whale Capital,Blue Whale Capital,0001801547,resolved
BlueSpruce Investments,BlueSpruce Investments,0001600285,resolved
Bornite Capital Management,Bornite Capital Management,0001800641,resolved
Bowie Capital Management,Bowie Capital Management,0001691982,resolved
Bracebridge Capital,Bracebridge Capital,0001426486,resolved
Brandes Investment Partners,Brandes Investment Partners,0001015079,resolved
Bristol Gate Capital Partners Inc.,Bristol Gate Capital Partners Inc.,0001650142,resolved
Bruce Berkowitz,Fairholme Capital Management,0001056831,resolved
CADIAN CAPITAL MANAGEMENT,CADIAN CAPITAL MANAGEMENT,0001423686,resolved
CANTILLON CAPITAL MANAGEMENT,CANTILLON CAPITAL MANAGEMENT,0001279936,resolved
CHAI TRUST CO,CHAI TRUST CO,0001250731,resolved
CI Select Canadian Equity Fund,CI Investments,0001163648,resolved
COMMODORE CAPITAL,COMMODORE CAPITAL,0001831942,resolved
CROSSLINK CAPITAL INC,CROSSLINK CAPITAL INC,0001104329,resolved
Caledonia (Private) Investments Pty,Caledonia (Private) Investments Pty,0001352924,resolved
Caligan Partners,Caligan Partners,0001727492,resolved
Capital Impact Advisors,Capital Impact Advisors,0001602198,resolved
Cardano Risk Management B.V.,Cardano Risk Management B.V.,0001619124,resolved
Carl Icahn,Icahn Capital Management,0001413902,resolved
Carrhae Capital,Carrhae Capital,0001555254,resolved
Carronade Capital Management,Carronade Capital Management,0001866872,resolved
Cartenna Capital,Cartenna Capital,0001808928,resolved
Casdin Capital,Casdin Capital,0001534261,resolved
Catherine Wood,ARK Investment Management,0001697748,resolved
Causeway International Value,Causeway Capital Management,0001165797,resolved
Caxton Associates,Caxton Associates,0000872573,resolved
Chase Coleman,Tiger Global Management,0001167483,resolved
Chescapmanager,Chescapmanager,0001697162,resolved
Chou RRSP Fund,Chou Associates Management,0001389403,resolved
Chris Bloomstran,Semper Augustus Investments Group,0001115373,resolved
Chris Davis,Davis Selected Advisers,0001036325,resolved
Chuck Royce,Royce Investment Partners,0000906304,resolved
Clean Energy Transition,Clean Energy Transition,0001911523,resolved
ClearBridge Investments,ClearBridge Investments,0001499094,resolved
Coliseum Capital Management,Coliseum Capital Management,0001409751,resolved
Comprehensive Financial Management,Comprehensive Financial Management,0001799802,resolved
"Constellation Investments, Inc.","Constellation Investments, Inc.",0001573575,resolved
Consulta,Consulta,0001510677,resolved
Contour Asset Management,Contour Asset Management,0001510669,resolved
Contrarius Group Holdings,Contrarius Group Holdings,0002054801,resolved
Cormorant Asset Management,Cormorant Asset Management,0001583977,resolved
Corvex Management,Corvex Management,0001535472,resolved
Crake Asset Management,Crake Asset Management,0001789082,resolved
Cryder Capital Partners,Cryder Capital Partners,0001633969,resolved
DARLINGTON PARTNERS CAPITAL MANAGEMENT,DARLINGTON PARTNERS CAPITAL MANAGEMENT,0001854440,resolved
DENDUR CAPITAL,DENDUR CAPITAL,0001782124,resolved
DSM Capital Partners,DSM Capital Partners,0001214639,resolved
Daily Journal Corp,Daily Journal Corp,0000783412,resolved
Dan Sundheim,D1 Capital Partners,0001747057,resolved
Daniel Loeb,Third Point,0001040273,resolved
Darsana Capital Partners,Darsana Capital Partners,0001609098,resolved
Darwin Global Management,Darwin Global Management,0001839209,resolved
David Abrams,Abrams Capital Management,0001165407,resolved
David Einhorn,Greenlight Capital,0001079114,resolved
David Herro,Harris Associates (Oakmark International),,no_13f
David Nierenberg,D3 Family Funds,,no_13f
David Rolfe,Wedgewood Partners,0000859804,resolved
David Tepper,Appaloosa Management,0001006438,resolved
Davis Asset Management,Davis Asset Management,0001945894,resolved
Diamond Hill Capital,Diamond Hill Capital Management,0001217541,resolved
Discerene Group,Discerene Group,0001632958,resolved
Dodge & Cox,Dodge & Cox,0000200217,resolved
Donald Smith & Co,Donald Smith & Co,0000814375,resolved
Dorsal Capital Management,Dorsal Capital Management,0001547007,resolved
Dorsey Asset Management,Dorsey Asset Management,0001671657,resolved
Dragoneer Investment Group,Dragoneer Investment Group,0001602189,resolved
Duan Yongping,H&H International Investment,0001759760,resolved
Dundas Partners,Dundas Partners,0001742418,resolved
EMINENCE CAPITAL,EMINENCE CAPITAL,0001107310,resolved
Eaton Vance Health Sciences,Eaton Vance Management,0001076598,resolved
EcoR1 Capital,EcoR1 Capital,0001587114,resolved
Edgepoint Canadian Portfolio,EdgePoint Investment Group,0001481669,resolved
Egerton Capital (UK),Egerton Capital (UK),0001581811,resolved
Electron Capital Partners,Electron Capital Partners,0001586986,resolved
Elfun Trusts,GE Asset Management,0001121163,resolved
Encompass Capital Advisors,Encompass Capital Advisors,0001541901,resolved
Evergreen Quality Fund GP,Evergreen Quality Fund GP,0002016939,resolved
FERNBRIDGE CAPITAL MANAGEMENT,FERNBRIDGE CAPITAL MANAGEMENT,0001827734,resolved
Fairholme Focused Income Fund,Fairholme Capital Management,,no_13f
Fairholme Fund,Fairholme Capital Management,,no_13f
Fairmount Funds Management,Fairmount Funds Management,0001802528,resolved
FengHe Fund Management Pte.,FengHe Fund Management Pte.,0001660531,resolved
Finepoint Capital,Finepoint Capital,0001608126,resolved
First Beijing Investment,First Beijing Investment,0001701717,resolved
First Eagle Investment,First Eagle Investment Management,0001325447,resolved
First Light Asset Management,First Light Asset Management,0001600004,resolved
First Pacific Advisors,First Pacific Advisors,0001377581,resolved
Focused Investors,Focused Investors,0001426398,resolved
Forest Avenue Capital Management,Forest Avenue Capital Management,0001944889,resolved
Foxhaven Asset Management,Foxhaven Asset Management,0001590531,resolved
Francis Chou,Chou Associates Management,0001389402,resolved
Francisco Garcia Parames,Cobas Asset Management,,no_13f
Frank Sands,Sands Capital Management,0001020066,resolved
François Rochon,Giverny Capital,0001641864,resolved
Frazier Life Sciences Management,Frazier Life Sciences Management,0001892134,resolved
Fundsmith,Fundsmith,0001569205,resolved
GENERAL ATLANTIC,GENERAL ATLANTIC,0001017645,resolved
GMT CAPITAL CORP,GMT CAPITAL CORP,0001106191,resolved
GOLDENTREE ASSET MANAGEMENT,GOLDENTREE ASSET MANAGEMENT,0001278951,resolved
GOODNOW INVESTMENT GROUP,GOODNOW INVESTMENT GROUP,0001362255,resolved
GREENHAVEN ASSOCIATES INC,GREENHAVEN ASSOCIATES INC,0000846222,resolved
GREENOAKS CAPITAL PARTNERS,GREENOAKS CAPITAL PARTNERS,0001840735,resolved
GRS Advisors,GRS Advisors,0001544554,resolved
GUARDCAP ASSET MANAGEMENT,GUARDCAP ASSET MANAGEMENT,0001732008,resolved
"Gates Capital Management, Inc.","Gates Capital Management, Inc.",0001312908,resolved
George Soros,Soros Fund Management,0001029160,resolved
Glendon Capital Management,Glendon Capital Management,0001604350,resolved
Glenn Greenberg,Brave Warrior Advisors,0001553733,resolved
Gobi Capital,Gobi Capital,0001698060,resolved
Goehring & Rozencwajg Associates,Goehring & Rozencwajg Associates,0001863154,resolved
Great Hill Capital,Great Hill Capital,0002096165,resolved
Greenbrier Partners Capital Management,Greenbrier Partners Capital Management,0001532262,resolved
Greenhouse Funds LLLP,Greenhouse Funds LLLP,0001626220,resolved
Greenvale Capital,Greenvale Capital,0001768041,resolved
Greenwoods Asset Management Hong Kong,Greenwoods Asset Management Hong Kong,0001848138,resolved
Guy Spier,Aquamarine Capital Management,0001404599,resolved
HAWK RIDGE CAPITAL MANAGEMENT,HAWK RIDGE CAPITAL MANAGEMENT,0001609074,resolved
HHLR ADVISORS,HHLR ADVISORS,0001762304,resolved
HMI Capital Management,HMI Capital Management,0001469026,resolved
HSG Holding,HSG Holding,0001470766,resolved
Hamlin Capital Management,Hamlin Capital Management,0001277403,resolved
Harbor Capital Appreciation,Harbor Capital Advisors,0001039128,resolved
Harris Associates,Harris Associates,0000813917,resolved
Harvey Partners,Harvey Partners,0001406484,resolved
Heard Capital,Heard Capital,0001796409,resolved
Helikon Investments,Helikon Investments,0001839497,resolved
Hennessy Japan Fund,Hennessy Advisors,0001145255,resolved
Hennessy Japan Small Cap,Hennessy Advisors,,no_13f
Henry Ellenbogen,Durable Capital Partners,0001798849,resolved
Hill City Capital,Hill City Capital,0001837343,resolved
HoldCo Asset Management,HoldCo Asset Management,0001724246,resolved
Hook Mill Capital Partners,Hook Mill Capital Partners,0001943395,resolved
Hotchkis & Wiley,Hotchkis & Wiley Capital Management,0001164833,resolved
Howard Marks,Oaktree Capital Management,0000949509,resolved
Hudson Way Capital Management,Hudson Way Capital Management,0001697597,resolved
Hyperion Asset Management,Hyperion Asset Management,0001619844,resolved
Independent Franchise Partners,Independent Franchise Partners,0001483866,resolved
Insight Holdings Group,Insight Holdings Group,0001305473,resolved
Intermede Investment Partners,Intermede Investment Partners,0001664713,resolved
Invesco,Invesco,0000020430,resolved
Investure,Investure,0001476993,resolved
Jana Partners,Jana Partners,0001159159,resolved
Jeff Auxier,Auxier Asset Management,0001105863,resolved
Jeff Smith,Starboard Value,0001517137,resolved
Jefferies Group,Jefferies Financial Group,0000096223,resolved
Jeremy Grantham,Grantham Mayo Van Otterloo (GMO),0000772129,resolved
Jericho Capital Asset Management,Jericho Capital Asset Management,0001525234,resolved
Jerome Dodson,Parnassus Investments,0000948669,resolved
Joel Greenblatt,Gotham Asset Management,0001279148,resolved
John Hussman,Hussman Strategic Advisors,0001179475,resolved
John Paulson,Paulson & Co,0001035674,resolved
John Rogers,Ariel Investments,0000936753,resolved
KAYNE ANDERSON CAPITAL ADVISORS,KAYNE ANDERSON CAPITAL ADVISORS,0000949615,resolved
KENSICO CAPITAL MANAGEMENT CORP,KENSICO CAPITAL MANAGEMENT CORP,0001113000,resolved
KEYWISE CAPITAL MANAGEMENT (HK),KEYWISE CAPITAL MANAGEMENT (HK),0001474069,resolved
KRYGER CAPITAL,KRYGER CAPITAL,0001911807,resolved
Kahn Brothers,Kahn Brothers Group,0001039565,resolved
Keeley-Teton Advisors,Keeley-Teton Advisors,0001700530,resolved
Ken Fisher,Fisher Asset Management,0000850529,resolved
Kensington Asset Management,Kensington Asset Management,0001979884,resolved
Kinetic Partners Management,Kinetic Partners Management,0001911448,resolved
Knighthead Capital Management,Knighthead Capital Management,0001512397,resolved
Kohlberg Kravis Roberts & Co.,Kohlberg Kravis Roberts & Co.,0001399770,resolved
Kontiki Capital Management (HK),Kontiki Capital Management (HK),0001713390,resolved
Kopernik Global Investors,Kopernik Global Investors,0001599814,resolved
Kynam Capital Management,Kynam Capital Management,0001907884,resolved
L1 Capital International Pty,L1 Capital International Pty,0002009023,resolved
L1 Capital Pty,L1 Capital Pty,0001817646,resolved
LANSDOWNE PARTNERS (UK),LANSDOWNE PARTNERS (UK),0001608485,resolved
LASALLE INVESTMENT MANAGEMENT SECURITIES,LASALLE INVESTMENT MANAGEMENT SECURITIES,0001085601,resolved
LGT CAPITAL PARTNERS,LGT CAPITAL PARTNERS,0001641992,resolved
LIGHTSPEED MANAGEMENT COMPANY,LIGHTSPEED MANAGEMENT COMPANY,0001702122,resolved
LOCUST WOOD CAPITAL ADVISERS,LOCUST WOOD CAPITAL ADVISERS,0001349434,resolved
LYRICAL ASSET MANAGEMENT,LYRICAL ASSET MANAGEMENT,0001542302,resolved
Larry Robbins,Glenview Capital Management,0001138995,resolved
Lee Ainslie,Maverick Capital,0000934639,resolved
Leith Wheeler Canadian Equity,Leith Wheeler Investment Counsel,0001353651,resolved
Leon Cooperman,Omega Advisors,0000898202,resolved
Li Lu,Himalaya Capital Management,0001709323,resolved
Lindsell Train,Lindsell Train,0001484150,resolved
Lingotto Investment Management,Lingotto Investment Management,0001732768,resolved
Linonia Partnership,Linonia Partnership,0001985479,resolved
Longview Partners (Guernsey),Longview Partners (Guernsey),0001426092,resolved
Louis Moore Bacon,Moore Capital Management,0000924178,resolved
Luxor Capital Group,Luxor Capital Group,0001316580,resolved
M.D. Sass,M.D. Sass,0000922940,resolved
MADRONE ADVISORS,MADRONE ADVISORS,0001964563,resolved
MAR VISTA INVESTMENT PARTNERS,MAR VISTA INVESTMENT PARTNERS,0001419999,resolved
MARK ASSET MANAGEMENT,MARK ASSET MANAGEMENT,0000860176,resolved
MARSHFIELD ASSOCIATES,MARSHFIELD ASSOCIATES,0000914976,resolved
MASON STREET ADVISORS,MASON STREET ADVISORS,0001167711,resolved
MCDONALD CAPITAL INVESTORS INC/CA,MCDONALD CAPITAL INVESTORS INC/CA,0001033225,resolved
MFF Capital Investments,MFF Capital Investments,0002104888,resolved
MHR FUND MANAGEMENT,MHR FUND MANAGEMENT,0001277742,resolved
MKP Capital Management,MKP Capital Management,0001534949,resolved
MS Global Franchise Portfolio,Morgan Stanley Investment Management,,no_13f
Madison Avenue Partners,Madison Avenue Partners,0001801265,resolved
Main Management Fund Advisors,Main Management Fund Advisors,0001862787,resolved
Mairs and Power,Mairs and Power,0001070134,resolved
Maj Invest Holding A/S,Maj Invest Holding A/S,0001730525,resolved
Manning & Napier,Manning & Napier Advisors,0000062039,resolved
Maple Rock Capital Partners Inc.,Maple Rock Capital Partners Inc.,0001658363,resolved
Maple-Brown Abbott,Maple-Brown Abbott,0001681596,resolved
Maren Capital,Maren Capital,0001961415,resolved
Mario Cibelli,Marathon Partners Equity Management,0001353311,resolved
Mario Gabelli,GAMCO Investors,0000807249,resolved
Mark Hillman,Hillman Capital Management,0001314620,resolved
Mason Hawkins,Southeastern Asset Management,0000807985,resolved
Matson Money. Inc.,Matson Money. Inc.,0001672512,resolved
Matthews China Fund,Matthews International Capital Management,0001028074,resolved
Matthews Emerging Markets Small Co.,Matthews International Capital Management,,no_13f
Matthews Japan Fund,Matthews International Capital Management,,no_13f
Matthews Pacific Tiger Fund,Matthews International Capital Management,,no_13f
Mawer Canadian Equity Fund,Mawer Investment Management,0001538449,resolved
Mawer New Canada Fund,Mawer Investment Management,,no_13f
Melqart Asset Management (UK),Melqart Asset Management (UK),0001712901,resolved
Meritage Group,Meritage Group,0001427119,resolved
Metropolis Capital,Metropolis Capital,0001765388,resolved
Michael Burry,Scion Asset Management,0001649339,resolved
Michael Dell,MSD Capital,0001105497,resolved
Milestone Resources Group,Milestone Resources Group,0001708139,resolved
Millburn Ridgefield LLC /DE/,Millburn Ridgefield LLC /DE/,0001294571,resolved
Mirova US,Mirova US,0001802900,resolved
Mohnish Pabrai,Dalal Street,0001549575,resolved
Murray Stahl,Horizon Kinetics,0001519418,resolved
NAYA CAPITAL MANAGEMENT UK,NAYA CAPITAL MANAGEMENT UK,0001665012,resolved
NEA Management Company,NEA Management Company,0001512848,resolved
Nelson Peltz,Trian Fund Management,0001345471,resolved
Neumeier Poma Investment Counsel,Neumeier Poma Investment Counsel,0001044936,resolved
Newlands Management Operations,Newlands Management Operations,0001908450,resolved
Nextech Invest,Nextech Invest,0001911010,resolved
No Street GP,No Street GP,0001765774,resolved
North Peak Capital Management,North Peak Capital Management,0001747888,resolved
North of South Capital,North of South Capital,0002033334,resolved
Oaktop Capital Management II,Oaktop Capital Management II,0001550660,resolved
Optimus Prime Fund Management Co.,Optimus Prime Fund Management Co.,0001732539,resolved
Oriental Harbor Investment Master Fund,Oriental Harbor Investment Master Fund,0002046333,resolved
Owl Creek Asset Management,Owl Creek Asset Management,0001313756,resolved
P/E Global,P/E Global,0001910344,resolved
PARK PRESIDIO CAPITAL,PARK PRESIDIO CAPITAL,0001596510,resolved
PECONIC PARTNERS,PECONIC PARTNERS,0001050464,resolved
PH&N Vintage Fund,RBC Global Asset Management,0001179454,resolved
PPSC Investment Service Corp,PPSC Investment Service Corp,0001964389,resolved
PRIMECAP Management,PRIMECAP Management,0000763212,resolved
PROVIDENT TRUST CO,PROVIDENT TRUST CO,0001140436,resolved
Palestra Capital Management,Palestra Capital Management,0001568788,resolved
Paradigm Biocapital Advisors,Paradigm Biocapital Advisors,0001855655,resolved
Park West Asset Management,Park West Asset Management,0001386928,resolved
Parnassus Value Equity Fund,Parnassus Investments,0000747546,resolved
Parsifal Capital Management,Parsifal Capital Management,0001776090,resolved
Partners Group Holding AG,Partners Group Holding AG,0001534259,resolved
Patient Capital Management,Patient Capital Management,0001854794,resolved
Paul Singer,Elliott Investment Management,0001791786,resolved
Paul Tudor Jones,Tudor Investment Corp,0000923093,resolved
Pertento Partners,Pertento Partners,0001894571,resolved
Philippe Laffont,Coatue Management,0001135730,resolved
Philosophy Capital Management,Philosophy Capital Management,0001869199,resolved
Pine Ridge Advisers,Pine Ridge Advisers,0001845915,resolved
PineStone Asset Management Inc.,PineStone Asset Management Inc.,0001904893,resolved
Prem Watsa,Fairfax Financial Holdings,0000915191,resolved
Private Capital Management,Private Capital Management,0000897226,resolved
"Progeny 3, Inc.","Progeny 3, Inc.",0001536006,resolved
Pureheart Capital Pte,Pureheart Capital Pte,0002087977,resolved
RBC Canadian Equity Income Fund,RBC Global Asset Management,0001218696,resolved
RDST Capital,RDST Capital,0001912187,resolved
RGM Capital,RGM Capital,0001323953,resolved
"RK Capital Management, LLC/FL","RK Capital Management, LLC/FL",0001905218,resolved
"RPOA Advisors, Inc.","RPOA Advisors, Inc.",0001963326,resolved
RUSH ISLAND MANAGEMENT,RUSH ISLAND MANAGEMENT,0001736465,resolved
"RWWM, Inc.","RWWM, Inc.",0001507683,resolved
Randolph Co Inc,Randolph Co Inc,0001475150,resolved
Ray Dalio,Bridgewater Associates,0001350694,resolved
Redmile Group,Redmile Group,0001425738,resolved
Renaissance Technologies,Renaissance Technologies,0001037389,resolved
Resolution Capital,Resolution Capital,0001612389,resolved
Ribbit Management Company,Ribbit Management Company,0001836733,resolved
Richard Pzena,Pzena Investment Management,0001027796,resolved
Robert Bruce,Bruce Fund,,no_13f
Robert Karr,Joho Capital,0001106500,resolved
Robert Olstein,Olstein Capital Management,0000947996,resolved
Ron Baron,Baron Capital Group,0001017918,resolved
Ronald Muhlenkamp,Muhlenkamp & Company,0001133219,resolved
Route One Investment Company,Route One Investment Company,0001495650,resolved
Royce International Premier Fund,Royce Investment Partners,,no_13f
Ruane Cunniff,Ruane Cunniff & Goldfarb,0001720792,resolved
SCGE MANAGEMENT,SCGE MANAGEMENT,0001537530,resolved
SHANDA ASSET MANAGEMENT HOLDINGS,SHANDA ASSET MANAGEMENT HOLDINGS,0001622346,resolved
SHAPIRO CAPITAL MANAGEMENT,SHAPIRO CAPITAL MANAGEMENT,0001177244,resolved
SOMA EQUITY PARTNERS,SOMA EQUITY PARTNERS,0001680964,resolved
SOUND SHORE MANAGEMENT INC /CT/,SOUND SHORE MANAGEMENT INC /CT/,0000820124,resolved
SPRUCE HOUSE INVESTMENT MANAGEMENT,SPRUCE HOUSE INVESTMENT MANAGEMENT,0001543170,resolved
SRS Investment Management,SRS Investment Management,0001503174,resolved
STEPHENS GROUP ASSET MANAGEMENT,STEPHENS GROUP ASSET MANAGEMENT,0001726808,resolved
SYLEBRA CAPITAL,SYLEBRA CAPITAL,0002003074,resolved
Sachem Head Capital Management,Sachem Head Capital Management,0001582090,resolved
Sanders Capital,Sanders Capital,0001508097,resolved
Sarah Ketterer,Causeway Capital Management,,no_13f
Saratoga Research & Investment Management,Saratoga Research & Investment Management,0001477872,resolved
"Scheer, Rowlett & Associates Investment Management","Scheer, Rowlett & Associates Investment Management",0001426327,resolved
Scotia Canadian Dividend Fund,Scotia Global Asset Management,,no_13f
Scotia Canadian Equity Fund,Scotia Global Asset Management,,no_13f
Scott Black,Delphi Management,0000767684,resolved
Sessa Capital IM,Sessa Capital IM,0001595849,resolved
Seth Klarman,Baupost Group,0001061768,resolved
Silver Lake Group,Silver Lake Group,0001418226,resolved
Silver Point Capital,Silver Point Capital,0001332784,resolved
Situational Awareness,Situational Awareness,0002045724,resolved
Skye Global Management,Skye Global Management,0001675884,resolved
Smead Value Fund,Smead Capital Management,0001427008,resolved
Soroban Capital Partners,Soroban Capital Partners,0001517857,resolved
Sourcerock Group,Sourcerock Group,0001822531,resolved
Southpoint Capital Advisors,Southpoint Capital Advisors,0001319998,resolved
Spyglass Capital Management,Spyglass Capital Management,0001654344,resolved
Stairway Partners,Stairway Partners,0001454138,resolved
Standard Investments,Standard Investments,0001539436,resolved
Stanley Druckenmiller,Duquesne Family Office,0001536411,resolved
Steve Mandel,Lone Pine Capital,0001061165,resolved
Steven Cohen,Point72 Asset Management,0001603466,resolved
Steven Romick,FPA,,no_13f
Steven Scruggs,FPA,,no_13f
Stockbridge Partners,Stockbridge Partners,0001505183,resolved
Stone Ridge Holdings Group,Stone Ridge Holdings Group,0002019841,resolved
Stony Point Capital,Stony Point Capital,0001776023,resolved
Strategy Capital,Strategy Capital,0001592413,resolved
Styrax Capital,Styrax Capital,0001904897,resolved
SurgoCap Partners,SurgoCap Partners,0001960830,resolved
T Rowe Price Equity Income Fund,T. Rowe Price Associates,,no_13f
T. Rowe Price,T. Rowe Price Investment Management,0001897612,resolved
T. Rowe Price Japan Fund,T. Rowe Price Associates,,no_13f
TCG Crossover Management,TCG Crossover Management,0001839948,resolved
TCI Fund Management,TCI Fund Management,0001647251,resolved
TIMUCUAN ASSET MANAGEMENT INC/FL,TIMUCUAN ASSET MANAGEMENT INC/FL,0001034541,resolved
TOMS Capital Investment Management,TOMS Capital Investment Management,0001743937,resolved
TPG GP A,TPG GP A,0001903793,resolved
Technology Crossover Management X,Technology Crossover Management X,0001787727,resolved
Teewinot Capital Advisers,Teewinot Capital Advisers,0001574886,resolved
Teilinger Capital,Teilinger Capital,0001531879,resolved
Theleme Partners,Theleme Partners,0001511881,resolved
Third Avenue Management,Third Avenue Management,0001002858,resolved
Third Avenue Value Fund,Third Avenue Management,0001099281,resolved
Tiger Management,Tiger Management,0001011440,resolved
Tom Gayner,Markel Group,0001096343,resolved
Tom Russo,Gardner Russo & Quinn,0000860643,resolved
Topline Capital Management,Topline Capital Management,0001792549,resolved
Trans-Canada Capital Inc.,Trans-Canada Capital Inc.,0001896476,resolved
Trinity Street Asset Management,Trinity Street Asset Management,0001592579,resolved
Trivest Advisors,Trivest Advisors,0001555623,resolved
Troy Asset Management,Troy Asset Management,0001601407,resolved
Turtle Creek Asset Management Inc.,Turtle Creek Asset Management Inc.,0001484148,resolved
Tweedy Browne,Tweedy Browne Company,0000732905,resolved
Tweedy Browne International Value,Tweedy Browne Company,,no_13f
Two Creeks Capital Management,Two Creeks Capital Management,0001606430,resolved
Two Seas Capital,Two Seas Capital,0001823138,resolved
Ursa Fund Management,Ursa Fund Management,0001693838,resolved
VR ADVISER,VR ADVISER,0001615982,resolved
Valiant Capital Management,Valiant Capital Management,0001452689,resolved
Value Partners Group,Value Partners Group,0001649910,resolved
ValueAct Capital,ValueAct Capital Management,0001351069,resolved
ValueAct Holdings,ValueAct Holdings,0001418814,resolved
Vanguard Group,Vanguard Group,0000102909,resolved
Veritas Asset Management,Veritas Asset Management,0001541448,resolved
Vivo Capital,Vivo Capital,0001674712,resolved
Voyager Global Management,Voyager Global Management,0001849753,resolved
Vulcan Value Partners,Vulcan Value Partners,0001556785,resolved
WGI DM,WGI DM,0002059126,resolved
WINDACRE PARTNERSHIP,WINDACRE PARTNERSHIP,0001599383,resolved
WIT,WIT,,no_13f
WS MANAGEMENT LLLP,WS MANAGEMENT LLLP,0000877338,resolved
WT Asset Management,WT Asset Management,0001780365,resolved
Wallace Weitz,Weitz Investment Management,0000883965,resolved
Warren Buffett,Berkshire Hathaway,0001067983,resolved
Wasatch International Growth,Wasatch Global Investors,0000814133,resolved
Westwood Global Investments,Westwood Global Investments,0001356513,resolved
Whale Rock Capital Management,Whale Rock Capital Management,0001387322,resolved
XN,XN,0001756558,resolved
YCG,YCG,,no_13f
Yacktman Asset Management,Yacktman Asset Management,0000905567,resolved
Yacktman Focused Fund,Yacktman Asset Management,,no_13f
Yacktman Fund,Yacktman Asset Management,,no_13f
Yale University,Yale University,0000938582,resolved
a16z Capital Management,a16z Capital Management,0001540358,resolved
BlackRock,BlackRock,0001364742,resolved
AQR Capital Management,AQR Capital Management,0001167557,resolved
Balyasny Asset Management,Balyasny Asset Management,0001218710,resolved
Brown Advisory,Brown Advisory,0001114667,resolved
Capula Investment Management,Capula Investment Management,,no_13f
D.E. Shaw,D.E. Shaw & Co,0001009207,resolved
Deerfield Management,Deerfield Management Company,0001009258,resolved
Fuller & Thaler Asset Management,Fuller & Thaler Asset Management,0001082327,resolved
Ken Griffin,Citadel Advisors,0001423053,resolved
Millennium Management,Millennium Management,0001273087,resolved
Rajiv Jain,GQG Partners,0001697233,resolved
Suvretta Capital Management,Suvretta Capital Management,0001569064,resolved
Walter Scott & Partners,Walter Scott & Partners,,no_13f
WCM Investment Management,WCM Investment Management,0001061186,resolved
Woodline Partners,Woodline Partners,0001784547,resolved
Charles Schwab Investment Management,Charles Schwab Investment Management,0000884546,resolved
Dimensional Fund Advisors,Dimensional Fund Advisors,0000354204,resolved
Fidelity,FMR LLC,0000315066,resolved
Geode Capital Management,Geode Capital Management,0001214717,resolved
Northern Trust,Northern Trust Corp,0000073124,resolved
State Street,State Street Corp,0000093751,resolved
Wellington Management,Wellington Management,0000902219,resolved
